,user_id,postingFrequency,postingInterval,generalMoreFreq,generalWordCount,healthPostingFrequency,healthPostingInterval,healthMoreFreq,healthWordCount,mentionMethods
0,10146.0,38.0,10.837837837837839,1.0,26.864864864864863,4.0,36.666666666666664,0.0,173.25,1.0
1,10276.0,154.0,7.352941176470588,0.0,13.055555555555555,28.0,22.0,1.0,77.77777777777777,0.0
2,-29175.0,19.0,59.22222222222222,1.0,83.47368421052632,0.0,0.0,0.0,0.0,0.0
3,-44823.0,75.0,21.43243243243243,0.0,26.18300653594771,0.0,0.0,0.0,0.0,0.0
