user_id,achievement,shame,affection,aggression,anger,cheerfulness,disappointment,disgust,dispute,emotional,fear,fun,hate,joy,love,negative_emotion,nervousness,optimism,pain,positive_emotion,suffering,alcohol,appearance,attractive,banking,money,body,health,injury,medical_emergency,death,friends,help
10146,0.0,0.00625,0.0024549918166939444,0.0008183306055646482,0.0,0.0,0.0,0.0,0.0004091653027823241,0.0,0.0,0.0,0.003125,0.0,0.0024549918166939444,0.006807487725040917,0.0,0.0012274959083469722,0.0012274959083469722,0.0012274959083469722,0.0,0.0,0.0008183306055646482,0.004761661211129297,0.0004091653027823241,0.0004091653027823241,0.0,0.0008183306055646482,0.0,0.0008183306055646482,0.003534165302782324,0.007216653027823241,0.0012274959083469722
10276,0.0,0.0025182286643376565,0.0001234567901234568,0.0,0.0001234567901234568,0.0,0.00031051253273475495,0.0,0.0003133903133903134,0.0013350786028381658,0.0015957893944458942,0.00023776863283036124,0.0011679853574206945,0.0001234567901234568,0.002467847125138064,0.010283432707823704,0.0026422023766538094,0.0021691955283686553,0.003052896721774384,0.0012102163954015807,0.002095638738018823,0.0,0.0001234567901234568,0.00042755598311153866,0.000544082511295626,0.000544082511295626,0.0025188084624102216,0.0030400822539760116,0.0014695212064165717,0.0035620119198036737,0.0026552030537887175,0.0013843168083200465,0.0026538998321379258
