user_id,anger,disappointment,negative_emotion,health,injury,medical_emergency,death
10146,0.0,0.0,0.006807487725040917,0.0008183306055646482,0.0,0.0008183306055646482,0.003534165302782324
10276,0.0001234567901234568,0.00031051253273475495,0.010283432707823704,0.0030400822539760116,0.0014695212064165717,0.0035620119198036737,0.0026552030537887175
